name,email,password
Price Rosenbaum Jr.,ifarrell@example.com,1234567890
Glenna Koepp,hegmann.kariane@example.com,1234567891
Heath Hudson,ophelia91@example.net,1234567892
Mekhi Kassulke,sipes.thea@example.com,1234567893
Brennan Borer,eve.parisian@example.org,1234567894
Miss Maiya Fritsch,alysha96@example.com,1234567895
Mr. Ayden Altenwerth,igrady@example.com,1234567896
Delbert Mayer,botsford.ryley@example.net,1234567897
Kendrick Smitham,kreichert@example.net,1234567898
Holden Rath DVM,tillman25@example.org,1234567899
Gerhard Moen II,isai07@example.net,1234567900
Garret Weissnat,blair51@example.net,1234567901
Prof. Loraine Kulas,ostreich@example.com,1234567902
Keanu Dietrich IV,pkerluke@example.org,1234567903
Lucio Cronin,donnelly.alejandra@example.net,1234567904
Mrs. Rae Paucek II,vgreenholt@example.net,1234567905
Christina Vandervort Sr.,okon.amalia@example.com,1234567906
Kelley Abbott,schuppe.abner@example.com,1234567907
Cristal Rolfson III,west.caroline@example.net,1234567908
Mireya Mohr,moen.cesar@example.com,1234567909
Chadd Ankunding,shanahan.kaylin@example.org,1234567910
Antonina Maggio,myah.price@example.net,1234567911
Marcella Mills,mara65@example.org,1234567912
Desmond Smitham Sr.,prosacco.jacynthe@example.com,1234567913
Curt Powlowski,ismael47@example.net,1234567914
Emmanuelle Marks,aufderhar.rubye@example.net,1234567915
Muriel Rempel,witting.angelo@example.com,1234567916
Murphy Harber,orlo.hamill@example.net,1234567917
Ernestine Huel,mbartell@example.com,1234567918
Wava Schimmel,vwisozk@example.com,1234567919
Ed Gleichner Jr.,keegan03@example.net,1234567920
Carlo Gibson,jgaylord@example.net,1234567921
Dr. Enrique Osinski MD,gislason.melany@example.com,1234567922
Bo Emmerich,uschneider@example.org,1234567923
Dr. Bradford Gutmann,cielo35@example.net,1234567924
Harvey Sipes,jermaine42@example.com,1234567925
Cullen Carroll,althea54@example.com,1234567926
Josiane Klocko,romaine02@example.net,1234567927
Mr. Edwardo Weissnat,wwilkinson@example.org,1234567928
Dr. Tyreek Koss Sr.,cummings.rebeca@example.net,1234567929
Deangelo Stracke,shanahan.monica@example.com,1234567930
Halie Legros Sr.,rstiedemann@example.com,1234567931
Antwan Ankunding,jhoppe@example.org,1234567932
Salvatore Gerhold,mohamed.hermann@example.com,1234567933
Lonny Schoen,sharber@example.com,1234567934
Deshaun Batz,shields.eleanore@example.com,1234567935
Dr. Demarco Barton,simonis.dangelo@example.net,1234567936
Lawson Kunde,mertz.soledad@example.net,1234567937
Raoul Lowe,trantow.jennie@example.net,1234567938
Mallie Douglas,pmayer@example.org,1234567939
Mr. Carmine Hahn,raquel74@example.org,1234567940
Mr. Brad Gibson,waelchi.omari@example.com,1234567941
Mr. Marquis Schumm,rippin.houston@example.net,1234567942
Anya Bergstrom,rasheed64@example.net,1234568222
Asha Hoppe,dedric87@example.org,1234568223
Tabitha Ziemann,royal.kovacek@example.net,1234568224
Aurelie Aufderhar,johns.abner@example.com,1234568225
Allison Wiza,pearl57@example.org,1234568226
Prof. Carter Kuphal,carroll.wolf@example.com,1234568227
Jerome Robel,zschowalter@example.com,1234568228
Anais Legros Sr.,deion.feest@example.net,1234568229
Lavon Miller,stevie61@example.net,1234568230
Ressie Nienow,von.carole@example.org,1234568231
Anya Lockman,oabernathy@example.org,1234568232
Prof. Cassie Hartmann Jr.,julio30@example.com,1234568233
Alvera Prohaska,dare.brigitte@example.org,1234568234
Prof. Pamela Ziemann IV,gthompson@example.net,1234568235
Mrs. Chaya Kuhlman DVM,iwyman@example.org,1234568236
Miss Alfreda Lemke IV,tillman.markus@example.com,1234568237
Cyril Bernier,tfriesen@example.net,1234568238
Haleigh D'Amore,lindgren.king@example.com,1234568239
Leonardo Breitenberg,lang.providenci@example.net,1234568240
Miss Tessie Gorczany,janelle.kozey@example.net,1234568241
Chanelle Hagenes,jgleichner@example.org,1234568242
Celine Wisoky,oledner@example.net,1234568243
Adrain Kshlerin,quitzon.marshall@example.net,1234568244
Mr. Fausto McGlynn DDS,vickie99@example.org,1234568266
Carolanne Langworth,erin76@example.net,1234568267
Eunice Abernathy II,nmcclure@example.com,1234568268
Tony Friesen V,oberbrunner.billie@example.org,1234568269
Melvin West,april88@example.com,1234568270
Maia Gutmann,will.alexanne@example.net,1234568271
Remington Hermiston,waldo88@example.com,1234568272
Ulices Barton,okey32@example.org,1234568273
Delbert Bergstrom,ferry.peter@example.org,1234568274
Ms. Maria Cronin,zkreiger@example.org,1234568275
Ruben Zieme,renner.nikolas@example.org,1234568276
Nedra Maggio,bobbie.satterfield@example.org,1234568277
Victoria Collins,colson@example.org,1234568278
Dr. Araceli Parker,fosinski@example.net,1234568279
Julian Schiller,kunze.maeve@example.com,1234568280
Joel Sawayn III,runolfsdottir.wyatt@example.com,1234568281
Shanel Reilly,ollie38@example.com,1234568282
Dr. Cathy Casper,geoffrey.corwin@example.com,1234568283
Delilah Olson,brown.astrid@example.org,1234568284
Adela Spencer,tressa91@example.org,1234568285
Erin Fahey V,elisa.berge@example.net,1234568286
Violette Grady,gina.stroman@example.net,1234568287
Carlie Yost III,hoyt59@example.com,1234568288
Prof. Mary Mraz,borer.marguerite@example.net,1234568289
